pincode,latitude,longitude,hmap,name
400002,19.1338,72.9384,0.1,Michelle Thompson
400066,18.9385,72.8363,0.1,Andrew Smith
400013,19.0158,72.8294,0.1,Paul Robertson
400101,19.0133,72.8549,0.1,John Santana
400020,19.1368,72.8579,0.1,Michael Garcia
400032,18.958,72.8214,0.1,William Edwards
400018,19.1018,72.8904,0.1,Joseph Moreno
400030,19.0456,72.8537,0.1,Stacie Alexander
400071,19.1267,72.8767,0.1,Alex Allen
400053,18.9385,72.8363,0.1,Theresa Smith
400039,19.1741,72.9372,0.1,Peter Riley
400073,19.1047,72.8268,0.1,Leslie Woods
400080,19.0158,72.8294,0.1,Stephen Perez
400059,19.0389,72.8421,0.1,James Lang
400061,19.1427,72.8053,0.1,Dustin Bishop
400069,18.9223,72.8312,0.1,Mr. Gregory Miller
400068,19.0741,72.8804,0.1,Jean Valdez DDS
400009,19.0148,72.8455,0.1,Edward Miller
400061,19.2591,72.8338,0.1,Amy Rodriguez
400077,19.0456,72.8537,0.1,John Powers
400031,19.0976,72.9032,0.1,John Bennett
400017,18.9702,72.846,0.1,Charles Grimes
400071,19.1661,72.9646,0.1,Angela Johnson
400012,19.2072,72.8348,0.1,Donald Ingram PhD
400020,18.9625,72.805,0.1,Thomas Spencer
400019,19.0929,72.8654,0.1,Willie Gross
400038,18.9961,72.8528,0.1,Susan Phillips
400079,18.9417,72.7936,0.1,Karen Howe
400081,19.1267,72.8767,0.1,Danielle Scott
400066,18.9985,72.8174,0.1,Marc Hernandez
400076,19.0685,72.9003,0.1,Charles King
400008,19.0269,72.8554,0.1,Anthony Smith
400055,19.0718,72.8615,0.1,Andrew Bass
400018,19.0122,72.8219,0.1,Sean Bell
400029,19.1338,72.9384,0.1,Russell Collins
400035,18.9671,72.8287,0.1,Joel York
400082,19.0633,72.9258,0.1,Linda Johnson
400028,19.1121,72.8611,0.1,Matthew Bolton
400078,19.1121,72.8611,0.1,Kayla Summers
400067,18.9625,72.805,0.1,Joseph Young
400077,19.1593,72.8427,0.1,Kenneth Hubbard
400079,19.2072,72.8348,0.1,Alexandria Estrada
400021,18.9625,72.805,0.1,Julia Barber
400018,19.0633,72.9258,0.1,Scott Bell
400085,18.9982,72.8275,0.1,Stephanie Boyle
400033,18.9104,72.8198,0.1,Robert Ortiz
400023,19.0929,72.8654,0.1,Jason Fox
400001,18.958,72.8214,0.1,Kaitlin Ellis
400082,19.0685,72.9003,0.1,Linda Chavez
400080,19.029,72.8881,0.1,Todd Santiago
400067,19.029,72.8881,0.1,Daniel Moore
400047,19.0929,72.8654,0.1,Emily Olson
400003,19.1367,72.8109,0.1,Tyler Roy
400029,19.0172,72.9398,0.1,Michelle Brown
400063,19.2591,72.8338,0.1,Mr. Charles Horton
400044,19.1338,72.9384,0.1,Jesse Bolton
400096,18.9541,72.8004,0.1,Robert Stokes
400060,18.9104,72.8198,0.1,Michelle White
400066,19.1593,72.8427,0.1,Aaron Williams
400024,19.0552,72.83,0.1,Richard Cole
400011,19.0359,72.9247,0.1,Elizabeth Johnson
400077,19.0799,72.9174,0.1,Michael Mendoza
400051,19.0133,72.8549,0.1,David Watson
400078,19.1047,72.8268,0.1,Charles Lee
400020,18.9982,72.8275,0.1,Brad Ayers
400079,19.2591,72.8338,0.1,Barbara Solomon
400014,19.0269,72.8554,0.1,Michael Clarke
400091,19.0636,72.9228,0.1,Amy Levine
400015,19.1178,72.8737,0.1,Tina Sawyer
400100,18.9618,72.8134,0.1,Frank Sherman
400087,19.2327,72.7984,0.1,Michael Allen
400060,19.0976,72.9032,0.1,David Rivera
400019,19.0521,72.9007,0.1,Jennifer Matthews
400039,18.9856,72.8442,0.1,Richard Austin II
400050,18.9982,72.8275,0.1,Jonathan Ramirez
400026,19.0389,72.8421,0.1,Benjamin Gibson MD
400091,18.929,72.8301,0.1,Raymond Williams
400087,18.9417,72.7936,0.1,Ryan Turner
400046,19.0929,72.8654,0.1,Cynthia Roberts
400038,18.9856,72.8442,0.1,Bryce Hughes
400005,18.958,72.8214,0.1,Paul Green
400042,19.1661,72.9646,0.1,Robert Hanson
400014,19.2059,72.8661,0.1,Nathan Johns
400014,19.0148,72.8455,0.1,Leslie Wood
400095,19.0804,72.8469,0.1,Hannah Moran
400023,18.9104,72.8198,0.1,Kendra King
400023,19.0596,72.8553,0.1,Justin Brown
400091,19.2591,72.8338,0.1,John Deleon
400079,19.0148,72.8455,0.1,Michael Cooper
400065,19.0359,72.9247,0.1,William Murray
400074,19.0799,72.9174,0.1,Sharon White
400061,19.1119,72.879,0.1,Peter Reyes Jr.
400035,19.0636,72.9228,0.1,Joshua Williams
400085,18.9618,72.8134,0.1,Tina Hatfield
400003,19.1007,72.8485,0.1,Mark Gibbs
400094,18.9541,72.8004,0.1,Tina George
400016,19.0389,72.8421,0.1,Michael Franklin
400073,19.1661,72.9646,0.1,Keith Smith
400100,19.1121,72.8611,0.1,Joseph Morgan
400068,19.029,72.8881,0.1,Lisa Willis
400071,19.0741,72.8804,0.1,Elizabeth Bryan
400050,19.1119,72.879,0.1,Gary Lopez
400006,19.234,72.8399,0.1,James Gibbs
400078,19.0269,72.8554,0.1,Mark Black
400056,19.0804,72.8469,0.1,Joseph Church
400094,19.1178,72.8737,0.1,David Gilmore
400008,19.1741,72.9372,0.1,Steve Saunders
400058,18.9724,72.8148,0.1,Christopher Martin
400099,19.1872,72.8407,0.1,Kevin Evans
400016,18.9702,72.846,0.1,Paul Clayton
400019,19.082,72.8345,0.1,Kimberly Robinson
400023,19.2327,72.7984,0.1,Tammy Solomon
400084,19.1119,72.879,0.1,Kristi Lopez
400007,19.0257,72.8697,0.1,Justin Cordova
400008,19.0257,72.8697,0.1,Jeffrey Mitchell
400056,19.0217,72.8375,0.1,Jesus Jones
400003,19.0633,72.9258,0.1,Katherine Fisher
400095,19.1267,72.8767,0.1,Todd King
400075,19.2591,72.8338,0.1,Ricky Lawrence
400064,19.0438,72.9121,0.1,Charles Martin
400071,18.9961,72.8528,0.1,David Nichols
400096,19.0269,72.8554,0.1,Ryan Herrera
400034,19.0929,72.8654,0.1,Jamie Smith
400029,19.0438,72.9121,0.1,Jessica Thompson
400033,19.0596,72.8553,0.1,Michael Proctor
400005,19.0483,72.9288,0.1,Justin Hernandez
400079,19.1178,72.8737,0.1,Christopher Miller
400099,19.0636,72.9228,0.1,James Brown
400078,19.0804,72.8469,0.1,Nicole Stone
400013,19.1338,72.9384,0.1,James Sandoval
400053,19.1047,72.8268,0.1,Brian Stewart
400058,18.9671,72.8287,0.1,Michelle Herman
400079,19.1246,72.8422,0.1,Margaret Simpson
400038,18.9104,72.8198,0.1,Joe Lawrence
400014,19.0893,72.9078,0.1,Crystal Kelley
400031,18.958,72.8214,0.1,Robert Simmons
400040,48.747,44.4723,0.1,Christina Long
400093,19.1239,72.9094,0.1,Teresa Beck
400026,19.1888,72.8197,0.1,Jamie Miller
400036,19.0611,72.8792,0.1,Austin Novak
400064,48.747,44.4723,0.1,Daniel Moses
400082,18.9793,72.8383,0.1,Nicholas Lowe
400098,19.0633,72.9258,0.1,William Howard PhD
400002,19.1661,72.9646,0.1,Michael Mathews
400077,19.1267,72.8767,0.1,Joel Mills
400014,19.0718,72.8615,0.1,Barry Shaw
400057,19.1239,72.9094,0.1,Eric Marshall
400096,19.1283,72.8677,0.1,Jane Avila
400013,19.0122,72.8219,0.1,Peter Bradford
400018,19.0172,72.9398,0.1,Jaime Carlson
400091,18.9385,72.8363,0.1,Joseph Pittman
400008,19.1018,72.8904,0.1,Mark Hubbard
400002,19.0456,72.8537,0.1,Brett Hayes
400102,19.0172,72.9398,0.1,Ruben Keller
400046,18.9625,72.805,0.1,Angelica Stanley
400085,18.9706,72.8095,0.1,Nathan Jackson
400004,19.1119,72.879,0.1,Eric Schroeder
400083,19.2313,72.8635,0.1,Jay Blanchard
400092,18.9995,72.8397,0.1,Melanie Ford
400060,19.0893,72.9078,0.1,Megan Nelson
400067,19.0257,72.8697,0.1,John King
400057,19.0779,72.9056,0.1,Brooke Carr
400099,19.1025,72.9254,0.1,Melinda Murillo
400059,19.1839,72.8584,0.1,Matthew Wang
400018,19.1239,72.9094,0.1,Connie Proctor
400099,19.0929,72.8654,0.1,Nathaniel Harris MD
400090,18.9351,72.8264,0.1,Bob Farmer
400040,18.9995,72.8397,0.1,Christopher Baker
400022,19.082,72.8345,0.1,Jennifer Fernandez PhD
400084,19.0893,72.9078,0.1,Jay Griffin
400004,19.1648,72.8533,0.1,John Richardson
400029,19.0779,72.9056,0.1,Patricia Benton
400008,19.1267,72.8767,0.1,James Pena DDS
400043,19.1338,72.9384,0.1,Gregory Perry
400058,18.929,72.8301,0.1,Christopher Rodriguez
400084,19.1239,72.9094,0.1,William Taylor
400011,18.9256,72.8242,0.1,Brandon Clark
400002,19.1119,72.879,0.1,Kristen Wood
400034,19.0611,72.8792,0.1,Felicia Payne
400029,19.0552,72.83,0.1,Michael Harrison MD
400095,19.0217,72.8375,0.1,Victor Brown
400052,18.9702,72.846,0.1,Kimberly Curry
400012,19.1338,72.9384,0.1,Jeremy Sullivan
400055,18.9995,72.8397,0.1,Mr. Jacob Malone
400032,19.0172,72.9398,0.1,Jeffrey Allen
400032,18.9223,72.8312,0.1,Scott Evans
400079,19.1283,72.8677,0.1,Gregory Johnson
400033,19.1267,72.8767,0.1,Kevin Lee
400045,19.0976,72.9032,0.1,Danielle Howard
400100,19.0797,72.8679,0.1,David Haas
400050,19.0611,72.8792,0.1,Kevin Martinez
400013,18.9583,72.8389,0.1,Brian Walker
400038,19.1721,72.9483,0.1,Danielle Jones
400054,19.0718,72.9168,0.1,Manuel Williams DVM
400066,19.029,72.8881,0.1,Caroline Thompson
400021,18.9532,72.8353,0.1,Dylan Hicks
400084,19.0158,72.8294,0.1,Richard Bonilla
400080,18.9961,72.8528,0.1,Frank Sanders
400088,19.1047,72.8268,0.1,Charlotte Nelson
400079,19.0633,72.9258,0.1,Allen Riggs
400030,19.2059,72.8661,0.1,Rebecca Moore
400039,19.1239,72.9094,0.1,Kristin Marsh
400044,19.1629,72.8353,0.1,Sandra Miller
400056,18.9104,72.8198,0.1,Bill Evans
400063,18.9256,72.8242,0.1,Shannon Morgan
400011,19.1047,72.8268,0.1,Ryan Dickerson
400029,19.0976,72.9032,0.1,Rachel Mendez
400054,18.9793,72.8383,0.1,Christopher Martinez
400009,19.1119,72.879,0.1,Paul Frazier
400050,19.1121,72.8611,0.1,Deanna Vasquez
400092,19.0257,72.8697,0.1,Rebecca Smith
400054,19.1741,72.9372,0.1,Derek Ward MD
400053,19.0633,72.9258,0.1,Robert Fowler DDS
400098,18.9982,72.8275,0.1,Dr. Charles Lindsey DDS
400078,19.2072,72.8348,0.1,Ruben Winters
400076,19.1888,72.8197,0.1,Tyler Neal
400044,19.1721,72.9483,0.1,Joe Ramirez
400046,19.1119,72.879,0.1,Luis Smith
400024,19.1368,72.8579,0.1,Courtney Edwards
400028,19.0633,72.9258,0.1,Amanda King
400019,19.0148,72.8455,0.1,Ian Parker
400056,48.747,44.4723,0.1,Kevin Sanchez
400095,18.9256,72.8242,0.1,Richard James
400023,19.0122,72.8219,0.1,Lucas Shaw
400008,18.9856,72.8442,0.1,Michelle Costa
400032,19.0741,72.8804,0.1,David Walters
400073,19.0269,72.8554,0.1,Laura Bolton
400086,19.0799,72.9174,0.1,Steven Ford
400044,18.9256,72.8242,0.1,Danny Flores Jr.
400067,19.1648,72.8533,0.1,Rachel Thomas
400090,18.9223,72.8312,0.1,Jacob Phelps
400014,19.1338,72.9384,0.1,Thomas Cooper
400048,18.9541,72.8004,0.1,Jason Chase
400097,18.9351,72.8264,0.1,Joseph Gardner
400021,18.929,72.8301,0.1,Edward Jennings
400085,19.0456,72.8537,0.1,Jason Moses
400067,19.0799,72.9174,0.1,Amanda Rasmussen
400068,19.2313,72.8635,0.1,Katie Garcia
400099,19.0456,72.8537,0.1,Kimberly Smith
400016,19.1556,72.885,0.1,Juan Eaton
